{
  "sections": [
    {
      "type": "page-title",
      "title": "Cafés e | métodos de extração"
    },
    {
      "type": "share-buttons"
    },
    {
      "type": "responsive-banner",
      "img": "/img/uploads/banner_postinterno.png"
    },
    {
      "type": "custom-content",
      "markdown": "## Cafés e métodos de extração\n\nNão há nada melhor que tomar um bom **café**! Seja **expresso**, **coado**, por **infusão**, **percolação** ou **pressão**, o cafezinho faz parte da história e da cultura gastronômica do Brasil. Durante muito anos, foi o principal responsável por movimentar a economia nacional e sua expansão em nosso país data de mais de três séculos. Hoje somos o **maior produtor mundial de café**, tanto do tipo commodity (cafés mais baratos e de menor qualidade) quanto de **cafés especiais** (e de melhor qualidade).\n\nJá há alguns anos, uma nova onda de consumo de cafés, a **terceira onda**, na verdade, trouxe uma visão diferente à tradicional bebida: mais que quantidade e preço, era preciso olhar para a **qualidade** e **valor**. O **café gourmet** ou **especial**, sob todos os aspectos, vale muito mais que o café convencional. Embora haja espaço para todos os gostos, um método especial não melhora um café ruim, mas pode revelar nuances ocultas de um café de melhor qualidade.\n\nNeste artigo, iremos apresentar os métodos para consumo de cafés mais utilizados nas grandes cafeterias de todo o mundo, com alguns **truques que apenas baristas sabem**, tudo para que você possa fazer em casa um ótimo café!\n\nComeçaremos apresentando os métodos, depois falaremos sobre os tipos e escolha dos grãos. Não deixe de conferir nosso artigo sobre acessórios importantes para auxiliar no processo de **extração de cafés especiais**.\n\n<br />\n\n<div style=\"display: flex;\"><div class=\"row\"><div class=\"col-md-6\"><p><img src=\"/img/uploads/kit-v60-craft-hario-menor.png\" alt=\"Hario V60 coador com filtro e jarra\"></p></div><div class=\"col-md-6\"><h3>Hario V60</h3><p>Nosso primeiro método é o mais semelhante ao tradicional cafezinho brasileiro coado, o mais comum em nosso país.</p><p>O <strong><a href=\"https://www.duasxicaras.com.br/hario-v60\">Hario V60</a></strong> é um <strong>método para coar café</strong> através de um suporte (coador) cujas paredes formam um ângulo de <strong>60 graus</strong> com a base, medida que originou seu nome: o V alude ao formato do coador e o 60 à curvatura de sua parede. Além disso, o suporte possui linhas espiraladas que têm por função conduzir a água de maneira mais rápida, diminuindo o tempo de extração e a consequente adição de elementos indesejados à bebida, comum em infusões prolongadas de <strong>cafés coados</strong>. Seu orifício de saída, na base, é mais largo que os coadores convencionais de supermercado, o que também contribui para uma extração mais ágil e que transmite à bebida apenas o melhor dos <b>grãos</b>.<p>O Café corretamente extraído através do <b>método V60</b> tem características únicas, como <b>acidez presente</b> e <b>doçura acentuada</b>, com <b>baixo nível de amargor</b>. Isso ocorre porque a água permanece menos tempo em contato com o pó, evitando que sejam transferidos à bebida excesso de <b>cafeína</b> e <b>adstringência</b>.</p><p>A <b>granulometria</b> <b>(moagem)</b> ideal para o o <b>Hario V60</b> é a <b>média</b> ou <b>média-grossa</b>. Moagens finas ocasionarão a compactação do pó e diminuição do fluxo de água, que ficará em contato com o pó por mais tempo que o necessário, transferindo à bebida elementos desagradáveis. Já moagens grossas farão com que a água passe rápido demais pelo pó, produzindo uma bebida sub-extraída e fraca.</p></p></div></div></div>"
    },
    {
      "type": "offers-timer",
      "max_hours": 24,
      "start": "2020-10-29T20:47:40.415Z",
      "end": "2020-10-29T20:47:40.431Z",
      "offers": [
        "6007867869274c73fcf8c3ee"
      ],
      "notes": "O Kit V60 é uma ótima maneira de começar a fazer cafés em casa através de métodos especiais. Composto por uma Jarra de 700 ml, Suporte para Filtro tamanho 02, 40 filtros 02 e uma colher dosadora (scoop), possui todo o necessário para extração de café coado com facilidade e economia!"
    },
    {
      "type": "custom-content",
      "markdown": "## **Clever**\n\nA **[Clever](www.duasxicaras.com.br/clever)**, mais que um método, é uma forma \"inteligente\" de se fazer café! O nome Clever pode ser traduzido para o português como \"esperto\", \"inteligente\", \"sagaz\". E a **Clever** é tudo isso!\n\nEntre os **[métodos coados](www.duasxicaras.com.br/coado-filtrado)**, o grande desafio é fazer com que a água permaneça tempo o suficiente em contato com o **[pó de café](www.duasxicaras.com.br/moido)** para que extraia todos os componentes dos **[grãos](www.duasxicaras.com.br/graos)**, mas não tempo demais para que leve à bebida características ruins, como amargor e adstringência. Com a **Clever**, é possível controlar o tempo de infusão através de seu patenteado **sistema Shut-Off**, que consiste em uma válvula de silicone que se encaixa em um anel do mesmo material sempre que o suporte não esteja sobre uma **[jarra](www.duasxicaras.com.br/jarra)**, **[caneca](www.duasxicaras.com.br/caneca)**, **[xícara](www.duasxicaras.com.br/xicara)** ou qualquer outro recipiente."
    },
    {
      "type": "offers-timer",
      "max_hours": 24,
      "start": "2020-10-29T20:47:40.415Z",
      "end": "2020-10-29T20:47:40.431Z",
      "offers": [
        "5fe258e869274c73fcebdf78"
      ],
      "notes": "A Clever é um método inteligente de se fazer café! Com controle total do tempo de extração, fica muito mais fácil atingir o ponto desejado para cada tipo de grão e suas características!"
    },
    {
      "type": "responsive-banner",
      "img": "/img/uploads/banner.png"
    },
    {
      "type": "collection-shelf",
      "shuffle": true,
      "limit": 12,
      "page": 1,
      "title": "Os favoritos | de nossos clientes"
    }
  ],
  "title": "Cafés e métodos de extração",
  "thumbnail": "/img/uploads/img2.png",
  "description": "Não há nada melhor que tomar um bom café! Seja expresso, coado, por infusão ou pressão, o cafezinho faz parte da história e da cultura gastronômica do Brasil. Durante muito anos, foi o principal responsável pela economia nacional e sua expansão em nosso país data de mais de três séculos. Hoje somos o maior produtor mundial de café, tanto do tipo commodity (cafés mais baratos e de menor qualidade) quanto de cafés especiais (e de maior qualidade).",
  "meta_title": "Cafés e Métodos de Extração",
  "date": "2021-02-04T20:11:56.260Z"
}