{
  "meta_title": "Página Inicial | Duas Xícaras",
  "meta_description": "",
  "sections": [
    {
      "type": "banners-grid",
      "banners": [
        {
          "img": "/img/uploads/01.png",
          "mobile_img": "/img/uploads/01mobile.png",
          "link": "https://duasxicaras.netlify.app/cafeteiras-e-metodos",
          "alt": "Métodos para extração de café"
        },
        {
          "img": "/img/uploads/02.png",
          "mobile_img": "/img/uploads/02mobile.png",
          "link": "https://duasxicaras.netlify.app/hario",
          "alt": "Linha Hario V60"
        },
        {
          "img": "/img/uploads/banner03_v2.png",
          "mobile_img": "/img/uploads/03mobile.png",
          "link": "https://duasxicaras.netlify.app/capsulas",
          "alt": "Cápsulas para Cafés e outras bebidas"
        }
      ]
    },
    {
      "type": "collection-shelf",
      "shuffle": true,
      "collection_id": null,
      "sort": "sales",
      "title": "Os favoritos | de nossos clientes",
      "limit": 12,
      "page": 1
    },
    {
      "type": "custom-html",
      "html": "<h4 class=\"products-carousel__title\">\n<span>Dicas para fazer  <b>O melhor café em casa</b></span>\n</h4>"
    },
    {
      "type": "blog",
      "enabled": true
    },
    {
      "type": "collection-shelf",
      "shuffle": true,
      "limit": 12,
      "page": 1,
      "sort": "news",
      "title": "Novidades | Quentinhas"
    },
    {
      "type": "banners-grid",
      "banners": [
        {
          "img": "/img/uploads/cafes_ok.png",
          "alt": "Cafés",
          "link": "/cafes"
        },
        {
          "img": "/img/uploads/capsulas_ok.png",
          "alt": "Cápsulas",
          "link": "/capsulas"
        },
        {
          "img": "/img/uploads/cafeteiras_ok.png",
          "alt": "Cafeteiras e Métodos",
          "link": "/cafeteiras-e-metodos"
        },
        {
          "img": "/img/uploads/img_acessorios.png",
          "alt": "Acessórios",
          "link": "/acessorios"
        },
        {
          "img": "/img/uploads/img_moedores.png",
          "alt": "Moedores",
          "link": "/moedores"
        },
        {
          "img": "/img/uploads/img_filtros.png",
          "alt": "Filtros e Suprimentos",
          "link": "/filtros-e-suprimentos"
        },
        {
          "img": "/img/uploads/img_bebidas.png",
          "alt": "Outras Bebidas",
          "link": "/outras-bebidas"
        }
      ]
    },
    {
      "type": "collection-shelf",
      "shuffle": true,
      "limit": 12,
      "page": 1,
      "title": "Promoções | imperdíveis"
    },
    {
      "type": "banners-grid",
      "banners": [
        {
          "img": "/img/uploads/mb_1.png",
          "mobile_img": "/img/uploads/mb_mobile.png",
          "link": "https://duasxicaras.netlify.app/kits-e-presentes",
          "alt": "Kits e Presentes para quem ama café!"
        },
        {
          "img": "/img/uploads/02_new.png",
          "link": "https://duasxicaras.netlify.app/xaropes-soda-italiana",
          "alt": "Xaropes para soda italiana"
        },
        {
          "img": "/img/uploads/03_new.png",
          "link": "https://duasxicaras.netlify.app/cha",
          "alt": "Chás e ervas para infusão"
        }
      ]
    },
    {
      "type": "custom-html",
      "html": "<div class=\"newsletter\">\n  <div class=\"row\">\n    <div class=\"col-12\">\n      <h4 class=\"products-carousel__title\">\n        <span>Assine nossa <b>Newsletter</b></span>\n        </h4>\n    </div>\n  </div>\n  <div class=\"row\">\n    <div class=\"col-12 col-md-4 d-none d-md-block\">\n      <img src=\"/img/newsletter_cup.png\">\n    </div>\n    <div class=\"col-12 col-md-3\">\n      <p>Assine nossa newsletter e fique por dentro de todas as novidades e promoções</p>\n    </div>\n    <div class=\"col-12 col-md-5\">\n      <!-- Begin Mailchimp Signup Form -->      \n      <form action=\"https://duasxicaras.us7.list-manage.com/subscribe/post?u=1584b8f40a25793d74873f091&amp;id=8fa5dd8b66\" method=\"post\" id=\"mc-embedded-subscribe-form\" name=\"mc-embedded-subscribe-form\" class=\"validate\" target=\"_blank\" novalidate>\n        <div id=\"mce-responses\" class=\"clear\">\n          <div class=\"response\" id=\"mce-error-response\" style=\"display:none\"></div>\n          <div class=\"response\" id=\"mce-success-response\" style=\"display:none\"></div>\n        </div>   \n        <div style=\"position: absolute; left: -5000px;\" aria-hidden=\"true\"><input type=\"text\" name=\"b_1584b8f40a25793d74873f091_8fa5dd8b66\" tabindex=\"-1\" value=\"\"></div>\n        <div class=\"row\">\n          <div class=\"col\">\n            <input type=\"email\" value=\"\" name=\"EMAIL\" class=\"required email\" id=\"mce-EMAIL\" placeholder=\"Digite seu e-mail aqui\">\n          </div>\n          <div class=\"col-auto\">\n            <button type=\"submit\" class=\"btn btn-default\" name=\"subscribe\" id=\"mc-embedded-subscribe\">Cadastrar</button>\n          </div>\n        </div>\n      </form>\n      <!--End mc_embed_signup-->\n    </div>\n  </div>\n</div>\n"
    }
  ]
}