{
  "sections": [
    {
      "type": "breadcrumbs",
      "enabled": true
    },
    {
      "type": "product-block",
      "enabled": true
    },
    {
      "type": "product-description",
      "enabled": true
    },
    {
      "type": "product-specifications",
      "enabled": true
    },
    {
      "type": "related-products",
      "title": "Este produto vai | muito bem com"
    },
    {
      "type": "recommended-products",
      "title": "Quem comprou este produto | também comprou:"
    }
  ]
}