{
  "assetsByChunkName": {
    "vendors~app-account~app-confirmation~app-order": [
      "chunk.1d61825132353b7601eb.js",
      "chunk.1d61825132353b7601eb.js.map"
    ],
    "vendors~app-account~app-checkout": [
      "chunk.fc377b2403a3edb939ab.js",
      "chunk.fc377b2403a3edb939ab.js.map"
    ],
    "vendors~app-cart~app-checkout": [
      "chunk.f712be6ec03becc85d03.js",
      "chunk.f712be6ec03becc85d03.js.map"
    ],
    "admin": [
      "admin.9a5c47a94ee9688ad398.js",
      "admin.9a5c47a94ee9688ad398.js.map"
    ],
    "app-account": [
      "chunk.6725a010b96efcc966ba.js",
      "chunk.6725a010b96efcc966ba.js.map"
    ],
    "app-cart": [
      "chunk.feaa1d04e98936240e6f.js",
      "chunk.feaa1d04e98936240e6f.js.map"
    ],
    "app-checkout": [
      "chunk.fa8af3f812f2758370e1.js",
      "chunk.fa8af3f812f2758370e1.js.map"
    ],
    "app-confirmation": [
      "chunk.182ac603ac118cecc4e6.js",
      "chunk.182ac603ac118cecc4e6.js.map"
    ],
    "app-order": [
      "chunk.520f8c9a6ddd5d13890f.js",
      "chunk.520f8c9a6ddd5d13890f.js.map"
    ],
    "checkout": [
      "checkout.6275fe6c03f41fbb8daf.js",
      "checkout.6275fe6c03f41fbb8daf.js.map"
    ],
    "storefront": [
      "storefront.5634750f2209ba2a1b00.css",
      "storefront.d2ea79b454e8d200ee43.js",
      "storefront.5634750f2209ba2a1b00.css.map",
      "storefront.d2ea79b454e8d200ee43.js.map"
    ]
  }
}